restaurant,review
Aloha Bowl,"Always fresh, always delicious. A regular stop for me, even if it is a little loud."
Aloha Bowl,Absolutely love the freshness of the fish here. The Spicy Tuna Bowl is always spot-on.
Aloha Bowl,Great service! They always remember my usual order.
Aloha Bowl,"The sauces were delicious, but my classic bowl was super salty."
Aloha Bowl,"Good poke, but it was expensive."
Aloha Bowl,"Nice, cozy place but can get crowded. Service is usually quick though."
Aloha Bowl,Appreciate the eco-friendly packaging.
Aloha Bowl,Great place to grab a quick healthy meal. Would recommend the salmon bowl.
Aloha Bowl,Best poke bowl in town! Generous portions.
Aloha Bowl,"Enjoyed the experience.  My wife wished they had veggie bowls, though."
Aloha Bowl,"Wish they had more vegetarian options, but overall very tasty."
Aloha Bowl,"The seaweed salad side dish is a hidden gem, always fresh."
Aloha Bowl,"Staff is friendly, but wait times could be shorter."
Aloha Bowl,"Music can be loud sometimes, making conversations difficult."
Aloha Bowl,"Quality of fish is consistently high, but the spicy mayo is sometimes too spicy for my taste."
Aloha Bowl,"Nice atmosphere, but the speakers were way too loud."
Aloha Bowl,The classic bowl was oversalted.  It ruined it for me.
Aloha Bowl,"Convenient location, but the food was too expensive."
Aloha Bowl,The Wasabi Shoyu bowl is a must-try!
Aloha Bowl,"Friendly atmosphere, great food, just a bit pricey."
Aloha Bowl,"Rice was slightly undercooked last time, but generally really good."
Aloha Bowl,Fresh ingredients but limited vegan choices.
Aloha Bowl,"Consistent quality, though menu hasn't changed in a while."
Aloha Bowl,I appreciated the opportunity to customize my bowl.
Aloha Bowl,"Too salty sometimes, especially the shoyu sauce."
Aloha Bowl,"Nice, quick service.  It was cool to a focus on recycled packaging."
Aloha Bowl,"Loved the Aloha Classic Bowl, but it was a bit salty."
Aloha Bowl,Friendly staff but the prices seem high.
Aloha Bowl,"Love the customizable options, makes every bowl feel personalized."
Aloha Bowl,They need more choices for vegans.
Island Fresh,The tofu bowl here is surprisingly delicious.
Island Fresh,"Portion sizes are very generous, great value for money."
Island Fresh,"Good ambiance, though it gets noisy when crowded."
Island Fresh,"Great flavors, but the service can be slow during busy times."
Island Fresh,Would recommend improving wait times.
Island Fresh,"Loved the selection of fresh toppings, and wifi worked great."
Island Fresh,"Wi-fi is fast, making it a good spot to eat and work."
Island Fresh,"Always busy, but service remains friendly."
Island Fresh,The coconut shrimp topping is amazing.
Island Fresh,Their avocado is hit or miss—sometimes overripe.
Island Fresh,Best poke in terms of freshness and taste.
Island Fresh,"Fresh, tasty, and a good amount of food per bowl."
Island Fresh,Great place overall but it took a while to get our meal.
Island Fresh,Appreciate the variety in sauces available.
Island Fresh,"Nice atmosphere, feels very island-inspired."
Island Fresh,"Great for quick, healthy meals."
Island Fresh,"My first visit was great, but the ingredients didn't taste fresh on my next visit."
Island Fresh,"Parking is convenient, unlike other places."
Island Fresh,Their spicy bowl is fantastic but quite spicy indeed!
Island Fresh,"Not as flavorful as other places, but the ingredients seem fresh."
Island Fresh,"Sometimes the fish feels a bit frozen, not the freshest."
Island Fresh,"Consistently fresh ingredients, would highly recommend."
Island Fresh,"Too crowded during lunch hours, hard to find seats."
Island Fresh,"Staff seemed rushed, forgot my drink."
Island Fresh,"Really enjoy the tropical-themed bowls, especially the Mango Bliss."
Island Fresh,The free wi-fi was fast.  I worked there for a couple hours.
Island Fresh,"Quality poke, but menu hasn't changed in a while."
Island Fresh,Would like faster service during lunch rush.
Island Fresh,"The fish is fresh sometimes, but not other times."
Island Fresh,"Staff could be friendlier, but the poke itself is good."
Poke Paradise,"Parking can be tough, but it's worth the visit."
Poke Paradise,"The staff remembers my order every time, impressive."
Poke Paradise,"Prices are fair, and the menu has great variety."
Poke Paradise,The staff was amazing.
Poke Paradise,"The service here is exceptionally friendly, they always greet with a smile."
Poke Paradise,"Love their seasonal special bowls, always creative."
Poke Paradise,"The food was great, but the space was small and the seating was limited."
Poke Paradise,"Bowls are consistently flavorful, never bland."
Poke Paradise,"Great spot for a quick, healthy lunch."
Poke Paradise,Staff always makes me feel welcome. Great place.
Poke Paradise,"Wish they had more drink options, but overall it's good."
Poke Paradise,Flavor combinations are creative and tasty.
Poke Paradise,"Always happy with my meals, very consistent."
Poke Paradise,"Ingredients taste very fresh, but bowls could be more filling."
Poke Paradise,The Pineapple Paradise Bowl is my absolute favorite—refreshing and unique.
Poke Paradise,"Great vegan options, but the bowls are small.  I wish there was more."
Poke Paradise,Fast service even during peak hours.
Poke Paradise,"Fish is good quality, but sometimes portions feel small."
Poke Paradise,Could do with a few more options for beverages.
Poke Paradise,Highly recommend their Hawaiian bowl.
Poke Paradise,The atmosphere feels welcoming and laid back.
Poke Paradise,"The place could use better seating arrangements, but the poke itself is fantastic."
Poke Paradise,Very clean and well-kept restaurant.
Poke Paradise,The spicy sauce here has the perfect balance.
Poke Paradise,"The rice is always perfect here, fluffy and flavorful."
Poke Paradise,Portions are slightly smaller than expected but flavors are fantastic.
Poke Paradise,"Super friendly staff, they even offered me a free drink last time!"
Poke Paradise,I appreciate how quickly orders are prepared.
Poke Paradise,Amazing poke but the drinks menu is pretty limited.
Poke Paradise,"A bit cramped during busy hours, but friendly environment."
